nct_id,primary_pub,extrapub,extra2pub,exclude:head_to_head,exclude:location,exclude:Primary_endpoint_is_efficacy,exclude:Has a phase 3,exclude:other exlusions,final_include,indication,intervention,symptom,symptom,phase,age,approva_status,pharmafunding,enrollment ,notes,notes from screening ,termination_status,terminated_reason,terminationcode,Primary_outcome,More_than_one_dose,Whichdoseisprimary,results_available ,positivityofP3,measure,Is_there_a_SMD,variance_type,diffbaselineexp,diffbaselinecont,Mean_difference,type_mean_difference,lowerCI,upperCI,p_value,pvaluediv2,Zscore,Is_there_a_WDAE,withdrawals_in_exparm,Nexp_arm,withdrawals_in_contarm,Ncont_arm,Truebypass,Ambigious ,bad_endpoint,Nonpositive,preceeded,notes,notes 2
NCT00211887,10.1002/ana.23863,,0,Not_head_to_head,Has_a_US_or_CAD_EU_UK_Australian_research_site,Yes,Phase_3,,Include,RMS,interferon beta 1-a and glatiramer acetate,Not_symptom_focus,,Phase_3,Adult,postapproval,Non_pharma,1008,NIh funded most but drugs given by pharma-check pharma,,Not_terminated,N_A,0,Annualized relapse rate of protocol-defined exacerbations,No,NA-there are two comparators-but they want it be better than the better comparator and it is not- so use GA comparator,1,Nonpositive,NA,,,NULL,NULL,NULL,NULL,NULL,NULL,NULL,,,1,8,499,6,259,1,0,0,0,0,,
NCT00235495,10.1016/S1474-4422(13)70223-0,,,Not_head_to_head,Has_a_US_or_CAD_EU_UK_Australian_research_site,Yes,Phase_3,,Include,Stroke,Albumin,Not_symptom_focus,,Phase_3,Adult,postapproval,Non_pharma,,wish it had wdae,,Terminated,Terminated_for_safety,1,The Number of Participants With Favorable Outcome Defined as National Institute of Health Stroke Scale (NIHSS) Score of 0-1 and/or Modified Rankin Scale (mRS) of 0-1,No,NA,1,Nonpositive,NA,,,NULL,NULL,NULL,NULL,NULL,NULL,NULL,,,0,NA,NULL,NULL,NULL,1,0,0,0,0,,
NCT00235716,10.1001/jama.2013.282834,,0,Not_head_to_head,Has_a_US_or_CAD_EU_UK_Australian_research_site,Yes,Phase_3,,Include,AD,Vitamin E and Memantine,Not_symptom_focus,,Phase_3,Adult,preapproval,Non_pharma,613,NULL,just the combo ,Not_terminated,N_A,0,ADCS-ADL,No,NA,1,Nonpositive,mean change in ADCS-ADL,,,-15.2,-16.96,1.76,mean difference compared with placebo,-0.48,4,0.49,,,1,1,154,0,152,1,0,0,0,0,,
NCT00340834,10.1056/NEJMoa0907839,,,Not_head_to_head,Has_a_US_or_CAD_EU_UK_Australian_research_site,Yes,Phase_3,,Include,RMS,Fingolimod,Not_symptom_focus,,Phase_3,Adult,preapproval,pharma,,NULL,,Not_terminated,N_A,0, annualized relapse rate,Yes,1.25 mg (higher dose),1,Positive,NA,,,NULL,NULL,NULL,NULL,NULL,NULL,NULL,,,1,26,426,9,435,0,0,0,0,1,,
NCT00355134,10.1016/S1474-4422(14)70049-3,,0,Not_head_to_head,Has_a_US_or_CAD_EU_UK_Australian_research_site,Yes,Phase_3,,Include,RMS,Fingolimod (FTY720,Not_symptom_focus,,Phase_3,Adult,preapproval,pharma,1083,NULL,,Not_terminated,N_A,0,Aggregate Annualized Relapse Rate (ARR) Estimate up to Month 24,Yes,0.5 mg (switched all patients to this dose during trial bc of safety concerns),1,Positive,NA,,,NULL,NULL,NULL,NULL,NULL,NULL,NULL,,,1,22,358,16,355,0,0,0,0,1,,
NCT00420212,10.1056/NEJMoa1114287,,,Not_head_to_head,Has_a_US_or_CAD_EU_UK_Australian_research_site,Yes,Phase_3,,Include,RMS,dimethyl fumarate (BG-12),Not_symptom_focus,,Phase_3,Adult,preapproval,pharma,,NULL,,Not_terminated,N_A,0,proportion of patients who had a relapse by 2 years,Yes,thrice is first,1,Positive,NA,,,NULL,NULL,NULL,NULL,NULL,NULL,NULL,,,1,36,416,22,408,0,0,0,0,1,,
NCT00449865,10.1001/jama.2015.120,,,Not_head_to_head,Has_a_US_or_CAD_EU_UK_Australian_research_site,Yes,Phase_3,,Include,PD,Creatine,Not_symptom_focus,,Phase_3,Adult,preapproval,Non_pharma,1741,NULL,,Terminated,Terminated_for_futility,1,"global statistical test (GST)8,9 to analyze 5 measures of Parkinson disease progression.",No,Dont report overall change from baseline,1,Nonpositive,,,,NULL,NULL,NULL,NULL,NULL,NULL,NULL,,,0,NA,NULL,NULL,NULL,0,0,0,0,1,,
NCT00451451,10.1056/NEJMoa1206328,,,Not_head_to_head,Has_a_US_or_CAD_EU_UK_Australian_research_site,Yes,Phase_3,,Include,RMS,dimethyl fumarate (BG-12),Not_symptom_focus,,Phase_3,Adult,preapproval,pharma,,NULL,,Not_terminated,N_A,0,Annualized relapse rate,Yes,took higher (thrice daily),1,Positive,NA,,,NULL,NULL,NULL,NULL,NULL,NULL,NULL,,,1,26,345,11,363,0,0,0,0,1,,
NCT00530348,10.1016/S0140-6736(12)61769-3,,,Not_head_to_head,Has_a_US_or_CAD_EU_UK_Australian_research_site,Yes,Phase_3,,Include,RMS,Alemtuzumab,Not_symptom_focus,,Phase_3,Adult,postapproval,pharma,,positivity is terrible here,,Not_terminated,N_A,0,e relapse rate and time to 6 month sustained accumulation of disability,No,NA,1,Positive,NA,,,NULL,NULL,NULL,NULL,NULL,NULL,NULL,,,1,1,386,5,195,0,0,0,0,1,,
NCT00545662,10.1001/jama.2012.13256,,,Not_head_to_head,Has_a_US_or_CAD_EU_UK_Australian_research_site,Yes,Phase_3,,Include,TBI,Citicoline,Not_symptom_focus,,Phase_3,Adult,preapproval,Non_pharma,,pharma donated the drugs?,,Terminated,Terminated_for_futility,1,functional status and cognitive performance at 90 day-a global statistic18 of the Network Core Battery,No,NA,1,Nonpositive,NA,,,NULL,NULL,NULL,NULL,NULL,NULL,NULL,,,0,NA,NULL,NULL,NULL,0,0,0,0,1,,
NCT00548405,10.1016/S0140-6736(12)61768-1,,,Not_head_to_head,Has_a_US_or_CAD_EU_UK_Australian_research_site,Yes,Phase_3,,Include,RMS,Alemtuzumab,Not_symptom_focus,,Phase_3,Adult,postapproval,pharma,,NULL,,Not_terminated,N_A,0,"Coprimary endpoints were relapse rate and time to 6 month sustained accumulation of disability,",Yes,12 mg (included in primary analyses),1,Positive,NA,,,NULL,NULL,NULL,NULL,NULL,NULL,NULL,,,1,1,436,6,231,0,0,0,0,1,,
NCT00574132,10.1056/NEJMoa1304839,,,Not_head_to_head,Has_a_US_or_CAD_EU_UK_Australian_research_site,Yes,Phase_3,,Include,AD,Bapineuzumab,Not_symptom_focus,,Phase_3,Adult,preapproval,pharma,,non-carrier trial,,Not_terminated,N_A,0,"the ADAS-cog11 and DAD scores,",Yes,took 1mg,1,Nonpositive,ADAS-cog11,1,95,7.8,7.4,0.4,"least squares mean difference, POINT = NEGATIVE",-1.1,1.8,0.62,0.31,0.4959,1,29,329,40,524,0,1,0,1,0,,
NCT00575055,10.1056/NEJMoa1304839,,0,Not_head_to_head,Has_a_US_or_CAD_EU_UK_Australian_research_site,Yes,Phase_3,,Include,AD,Bapineuzumab,Not_symptom_focus,,Phase_3,Adult,preapproval,pharma,1121,NULL,,Not_terminated,N_A,0,"week 78 on the 11-item cognitive subscale of the Alzheimer's Disease Assessment Scale (ADAS-cog11, with scores ranging from 0 to 70 and higher scores indicating greater impairment)17 and the Disability Assessment for Dementia",No,carriers,1,Nonpositive,ADAS-cog,1,95,8.5,8.7,-0.2,least squares mean difference from placebo,-1.4,1,0.8,0.4,0.2533,1,74,673,34,448,0,1,0,1,0,,
NCT00594568,10.1056/NEJMoa1210951,,0,Not_head_to_head,Has_a_US_or_CAD_EU_UK_Australian_research_site,Yes,Phase_3,,Include,AD,Semagacestat,Not_symptom_focus,,Phase_3,Adult,preapproval,pharma,1537,NULL,,Terminated,Terminated_for_futility,1,ADAS-cog and the ADCS-ADL,Yes,140 mg (took highest),1,Nonpositive,mean change in ADAS-cog,0,,7.8,6.4,Null,Null,Null,Null,0.07,,,1,144,529,51,501,0,1,1,0,0,,
NCT00605215,10.1007/s00415-014-7264-4,,,Not_head_to_head,Has_a_US_or_CAD_EU_UK_Australian_research_site,Yes,Phase_3,,Include,RMS,Laquinimod,Not_symptom_focus,,Phase_3,Adult,preapproval,pharma,,NULL,,Not_terminated,N_A,0,Annualized Rate of Confirmed Relapses,No,laq vs placebo group is primary,1,Nonpositive,NA,,,NULL,NULL,NULL,NULL,NULL,NULL,NULL,,,1,21,434,19,450,0,0,0,0,1,,
NCT00664209,no results-skip results section ,,,Not_head_to_head,Has_a_US_or_CAD_EU_UK_Australian_research_site,Yes,Phase_3,,Include,PD,"Clartihromycin, amoxicillin, and omeprazole",Not_symptom_focus,,Phase_3,Mixed,postapproval,Non_pharma,,NULL,,Terminated,Terminated_for_other_reasons,0,NULL,,NULL,0,,,,,NULL,NULL,NULL,NULL,NULL,NULL,NULL,,,0,,,,,1,0,0,0,0,,
NCT00665223,10.1016/S1474-4422(11)70233-2,,0,Not_head_to_head,Has_a_US_or_CAD_EU_UK_Australian_research_site,Yes,Phase_3,,Include,Huntingtons,Pridopidine ACR16,Not_symptom_focus,,Phase_3,Adult,preapproval,pharma,437,NULL,,Not_terminated,N_A,0,change in modified motor score at 26 weeks,Yes,90 mg (took highest),1,Nonpositive,mMS,,,-0.77,0.22,-0.99,n/a,-2.08,0.1,0.042,,,1,7,145,8,144,0,1,0,1,0,,
NCT00667810,https://doi.org/10.1186/s13195-016-0189-7,,1,Not_head_to_head,Has_a_US_or_CAD_EU_UK_Australian_research_site,Yes,Phase_3,,Include,AD,Bapineuzumab,Not_symptom_focus,,Phase_3,Adult,preapproval,pharma,901,NULL,,Terminated,Terminated_for_futility,1,ADAS-Cog/11) score and Disability Assessment for Dementia (DAD) total score,Yes,took 1mg bc 2 mg only has 2 patients,1,Nonpositive,change from baseline in ADAS-Cog11,,,NULL,NULL,NULL,NULL,NULL,NULL,0.848,,,1,14,264,19,346,0,1,0,1,0,,
NCT00676143,10.1186/s13195-016-0189-7,,0,Not_head_to_head,Has_a_US_or_CAD_EU_UK_Australian_research_site,Yes,Phase_3,,Include,AD,Bapineuzumab,Not_symptom_focus,,Phase_3,Adult,preapproval,pharma,1100,NULL,,Terminated,Terminated_for_futility,1,Alzheimer’s Disease Assessment Scale–Cognitive subscale and the Disability Assessment for Dementia.,No,NA,1,Nonpositive,change from baseline in ADAS-Cog11,,,NULL,NULL,NULL,didn't find actual numbers?,NULL,NULL,0.979,,,1,60,658,34,441,0,1,0,1,0,,
NCT00712426,10.1212/WNL.0000000000004209,,,Not_head_to_head,Has_a_US_or_CAD_EU_UK_Australian_research_site,Yes,Phase_3,,Include,Huntingtons,Creatine,Not_symptom_focus,,Phase_3,Adult,preapproval,Non_pharma,553,NULL,,Terminated,Terminated_for_futility,1,reduced rate of decline in TFC compared with controls.,No,NA,1,Nonpositive,NA,,,Na,NA,NA,NA,NA,NA,NA,,,0,,,,,0,1,0,1,0,,
NCT00724048,10.1002/mds.25362,,,Not_head_to_head,Has_a_US_or_CAD_EU_UK_Australian_research_site,Yes,Phase_3,,Include,Huntingtons,Pridopidine ACR16,Not_symptom_focus,,Phase_2slash3,Adult,preapproval,pharma,,phase is unclear,,Not_terminated,N_A,0,Change from baseline Modified Motor Score,Yes,90 mg (hierarchical),1,Nonpositive,mMS,,,,NULL,-1.17,"treatment effect, POINT = POSITIVE",-2.47,0.13,0.08,,,1,1,58,2,58,0,0,0,0,1,,
NCT00762411,ct.gov ,,,Not_head_to_head,Has_a_US_or_CAD_EU_UK_Australian_research_site,Yes,Phase_3,,Include,AD,Semagacestat (LY450139),Not_symptom_focus,,Phase_3,Adult,preapproval,pharma,,NULL,,Not_terminated,N_A,0,(ADAS-Cog11) at 76 Weeks and (ADCS-ADL) at 16 Weeks and (ADAS-Cog11) at 16 Weeks After Cessation of Study Drug,No,NA-but so many primaries,1,Nonpositive,Adascog at 76 weeks,0,,7.37,6.77,Null,Null,Null,Null,0.56,,,1,132,556,40,555,0,1,1,0,0,,
NCT00818662,10.1212/WNL.0000000000003904,,0,Not_head_to_head,Has_a_US_or_CAD_EU_UK_Australian_research_site,Yes,Phase_3,,Include,AD,Immune Globulin Intravenous (IGIV 10%,Not_symptom_focus,,Phase_3,Adult,preapproval,pharma,390,NULL,,Not_terminated,N_A,0, ADAS-Cog and the ADCS-ADL,Yes,0.4 g/kg (400),1,Nonpositive,adas cog,1,95,7.42,8.43,-0.8,Difference in least-square means,-3.1,1.5,0.476,0.238,0.7128,1,5,127,7,121,1,0,0,0,0,,
NCT00822900,10.1056/NEJMoa1404304,,,Not_head_to_head,Has_a_US_or_CAD_EU_UK_Australian_research_site,Yes,Phase_3,,Include,TBI,Progesterone,Not_symptom_focus,,Phase_3,Adult,postapproval,Non_pharma,882,NULL,,Terminated,Terminated_for_futility,1,"associated with an absolute increase of 10 percentage points, as compared with placebo, in the proportion of patients with a favorable outcome Favorable Outcome as Determined by the Glasgow Outcome Scale-Extended (GOSE)",No,NA,1,Nonpositive,NA,,,NULL,NULL,NULL,NULL,NULL,NULL,NULL,,,0,NA,NULL,NULL,NULL,0,0,0,0,1,,
NCT00829374,doi:10.1007/bf03256900,,,Not_head_to_head,Has_a_US_or_CAD_EU_UK_Australian_research_site,Yes,Phase_3,,Include,AD,Dimebon and Donepezil,Not_symptom_focus,,Phase_3,Adult,preapproval,Non_pharma,,NULL,,Not_terminated,N_A,0,co-primaries: ADAS-cog and ADCS-ADL,Yes,no SMD or WdAE for either ,1,Nonpositive,NA,,,NULL,NULL,NULL,NULL,NULL,NULL,NULL,,,0,NA,NULL,NULL,NULL,1,0,0,0,0,,
NCT00860366,10.1016/S1474-4422(14)70054-7,,,Not_head_to_head,Has_a_US_or_CAD_EU_UK_Australian_research_site,Yes,Phase_3,,Include,Stroke,Uric Acid and rtPA,Not_symptom_focus,,Phase_2slash3,Adult,preapproval,Non_pharma,421,NULL,,Not_terminated,N_A,0,"excellent outcome, defined as an mRS score of 0–1, or an mRS score of 2 if the premorbid mRS was 2, at 90 days.",No,NA,1,Nonpositive,NA,,,NULL,NULL,NULL,NULL,NULL,NULL,NULL,,,0,NA,NULL,NULL,NULL,0,1,1,0,0,,
NCT00868166,https://doi.org/10.1111/ene.12344,,1,Not_head_to_head,Has_a_US_or_CAD_EU_UK_Australian_research_site,Yes,Phase_3,,Include,ALS,TRO19622 (Olesoxime) as add-on Therapy to Riluzole,Not_symptom_focus,,Phase_2slash3,Adult,preapproval,pharma,512,NULL,,Not_terminated,N_A,0,Overall Survival Rate at 18 Months,No,NA,1,Nonpositive,NA,,,NULL,NULL,NULL,NULL,NULL,NULL,NULL,,,1,9,259,10,253,0,0,0,0,1,,
NCT00893867,10.1161/STROKEAHA.111.000013,,0,Not_head_to_head,Has_a_US_or_CAD_EU_UK_Australian_research_site,Yes,Phase_3,,Include,Stroke,DP-b99,Not_symptom_focus,,Phase_3,Adult,preapproval,pharma,446,NULL,,Terminated,Terminated_for_futility,1,compared distributions of functional status measured by modified Rankin score,No,NA,1,Nonpositive,NA,,,NULL,NULL,NULL,NULL,NULL,NULL,NULL,,,0,NA,NULL,NULL,NULL,0,1,0,1,0,,
NCT00904683,10.1056/NEJMoa1312889,,0,Not_head_to_head,Has_a_US_or_CAD_EU_UK_Australian_research_site,Yes,Phase_3,,Include,AD,Solanezumab,Not_symptom_focus,,Phase_3,Adult,preapproval,pharma,1040,NULL,,Not_terminated,N_A,0,ADAS-cog14 and the ADCS-ADL,No,NA,1,Nonpositive,ADAS-cog14 score,1,95,5.9,7.5,-1.6,mean difference,-3.1,0.1,0.04,0.02,2.0537,1,39,521,41,519,0,1,1,0,0,,
NCT00905372,10.1056/NEJMoa1312889,,,Not_head_to_head,Has_a_US_or_CAD_EU_UK_Australian_research_site,Yes,Phase_3,,Include,AD,LY2062430 (solanezumab),Not_symptom_focus,,Phase_3,Adult,preapproval,pharma,,NULL,,Not_terminated,N_A,0,"changes from baseline to week 80 in scores on the 11-item cognitive subscale of the Alzheimer's Disease Assessment Scale (ADAS-cog11; range, 0 to 70, with higher scores indicating greater cognitive impairment) and the Alzheimer's Disease Cooperative Study–Activities of Daily Living scale (ADCS-ADL; range, 0 to 78, with lower scores indicating worse functioning)",No,NA,1,Nonpositive,ADAS-cog11,1,95,3.8,4.5,-0.8,mean modeled difference,-2.1,0.5,0.24,0.12,1.175,1,33,506,39,506,0,1,1,0,0,,
NCT00906399,10.1016/S1474-4422(14)70068-7,,0,Not_head_to_head,Has_a_US_or_CAD_EU_UK_Australian_research_site,Yes,Phase_3,,Include,RMS,PEGylated Interferon Beta-1a-BIIB017,Not_symptom_focus,,Phase_3,Adult,preapproval,pharma,1516,NULL,,Not_terminated,N_A,0,Annualized Relapse Rate (ARR) at 1 Year,Yes,2 weeks is primary,1,Positive,NA,,,NULL,NULL,NULL,NULL,NULL,NULL,NULL,,,1,24,512,5,500,1,0,0,0,0,but small change in indication?,
NCT00920946,10.1001/2013.jamaneurol.382,,0,Not_head_to_head,Has_a_US_or_CAD_EU_UK_Australian_research_site,Yes,Phase_3,,Include,Huntingtons,Latrepirdine (Dimebon),Not_symptom_focus,cognition,Phase_3,Adult,preapproval,Non_pharma,403,NULL,,Not_terminated,N_A,0,cognition as measured by the change in Mini-Mental State Examination score from baseline to week 26 and global function at week 26 as measured by the Clinician Interview–Based Impression of Chang,No,NA,1,Nonpositive,MMSE,,,1.5,1.3,0.2,mean change,-0.3,0.7,0.39,,,0,NA,NULL,NULL,NULL,0,1,1,0,0,,
NCT00947895,no results-skip results section ,,,Not_head_to_head,Has_a_US_or_CAD_EU_UK_Australian_research_site,Yes,Phase_3,,Include,RMS,intramuscular (IM) ACTH (adrenocorticotropin hormone) and intravenous (IV) methylprednisolone (Solumedrol),Not_symptom_focus,,Phase_2slash3,Adult,postapproval,Non_pharma,,guess on why it was terminated,,Terminated,Terminated_for_futility,1,NULL,NULL,NULL,0,Nonpositive,NA,,,NULL,NULL,NULL,NULL,NULL,NULL,NULL,,,0,NA,NULL,NULL,NULL,0,0,0,0,1,,
NCT00974974,10.1016/S1474-4422(13)70025-5,,,Not_head_to_head,Has_a_US_or_CAD_EU_UK_Australian_research_site,Yes,Phase_3,,Include,PD,Extended-release carbidopa-levodopa (IPX066),Not_symptom_focus,,Phase_3,Adult,postapproval,pharma,,NULL,,Not_terminated,N_A,0,Off-time as a percentage of waking hours,No,NA,1,Positive,Off-time,,,-13.06,-6.21,-5.97,mean difference,-9.05,-2.89,<0.0001,,,1,3,201,3,192,1,0,0,0,0,,
NCT01064401,10.1056/NEJMoa1501481,,,Not_head_to_head,Has_a_US_or_CAD_EU_UK_Australian_research_site,Yes,Phase_3,,Include,RMS,BIIB019 (Daclizumab High Yield Process),Not_symptom_focus,,Phase_3,Adult,preapproval,pharma,,NULL,,Not_terminated,N_A,0,Adjusted Annualized Relapse Rate,No,NA,1,Positive,NA,,,NULL,NULL,NULL,NULL,NULL,NULL,NULL,,,1,56,919,47,922,0,0,0,0,1,,
NCT01143064,10.1056/NEJMoa1411090,,,Not_head_to_head,Has_a_US_or_CAD_EU_UK_Australian_research_site,Yes,Phase_3,,Include,TBI,Progesterone,Not_symptom_focus,,Phase_3,Mixed,postapproval,pharma,1195,NULL,,Not_terminated,N_A,0,Glasgow Outcome Scale (GOS) score at 6 months,No,NA,1,Nonpositive,NA,,,,NULL,NULL,NULL,NULL,NULL,NULL,,,1,0,597,1,598,0,0,0,0,1,,
NCT01155466,10.1001/jamaneurol.2015.2268,,0,Not_head_to_head,Has_a_US_or_CAD_EU_UK_Australian_research_site,Yes,Phase_3,,Include,PD,Preladenant + levadopa,Not_symptom_focus,,Phase_3,Adult,preapproval,pharma,778,NULL,,Not_terminated,N_A,0,change in off time from baseline to week 12,Yes,10 mg of preladenant (took highest),1,Nonpositive,change from baseline in mean off time,,,-0.8,-0.8,0,difference vs placebo,-0.62,0.53,0.87,,,1,6,156,17,155,0,0,0,0,1,,
NCT01155479,10.1212/WNL.0000000000004003,,,Not_head_to_head,Has_a_US_or_CAD_EU_UK_Australian_research_site,Yes,Phase_3,,Include,PD,Preladenant,Not_symptom_focus,,Phase_3,Adult,preapproval,pharma,1022,NULL,,Terminated,Terminated_for_company_reasons,0,change from baseline in the sum of UPDRS parts 2 and 3 scores (UPDRS213).,Yes,preladenant 10 mg is superior to placebo,1,Nonpositive,baseline in the sum of UPDRS parts 2 and 3 scores (UPDRS213).,,,-1.8,-2.2,0.4,e least squares mean response,-1.29,2.11,0.64,,,1,18,206,7,204,1,0,0,0,0,,
NCT01194570,10.1056/NEJMoa1606468,,,Not_head_to_head,Has_a_US_or_CAD_EU_UK_Australian_research_site,Yes,Phase_3,,Include,PMS,Ocrelizumab,Not_symptom_focus,,Phase_3,Adult,preapproval,pharma,,NULL,,Not_terminated,N_A,0,percentage of patients with disability progression confirmed at 12 weeks in a time-to-event analysis,No,NA,1,Positive,NA,,,NULL,NULL,NULL,NULL,NULL,NULL,NULL,,,1,18,488,12,244,1,0,0,0,0,,
NCT01224106,10.1186/s13195-017-0318-y,,,Not_head_to_head,Has_a_US_or_CAD_EU_UK_Australian_research_site,Yes,Phase_3,,Include,AD,Gantenerumab,Not_symptom_focus,,Phase_3,Adult,preapproval,pharma,,NULL,,Terminated,Terminated_for_futility,1,change from baseline in CDR-SB at week 104,Yes,225 mg (higher dose),1,Nonpositive,CDR-SB,,,1.73,1.6,0.18,difference from placebo POINT = NEGATIVE,-0.28,0.63,0.45,,,1,24,260,13,266,1,0,0,0,0,,
NCT01227265,10.1001/jamaneurol.2015.2268,,,Not_head_to_head,Has_a_US_or_CAD_EU_UK_Australian_research_site,Yes,Phase_3,,Include,PD,preladenant and levadopa,Not_symptom_focus,,Phase_3,Adult,preapproval,pharma,476,NULL,,Not_terminated,N_A,0,Change from baseline in average 'off' time,Yes,Took higher-5 mg-say 5mg is primary in protocol kinda,1,Nonpositive,Mean off time,,,-1.1,-0.8,-0.3,least-squares mean response,-0.86,0.21,0.24,,,1,10,159,5,159,0,0,0,0,1,,
NCT01227655,10.1001/jamaneurol.2016.4703,,,Not_head_to_head,Has_a_US_or_CAD_EU_UK_Australian_research_site,Yes,Phase_3,,Include,PD, Opicapone as Adjunct to Levodopa Therapy,Not_symptom_focus,,Phase_3,Adult,preapproval,pharma,,NULL,,Not_terminated,N_A,0,change from baseline in absolute off-time vs placebo based on patient diaries,Yes,50 mg (higher dose),1,Positive,off-time,,,-118.8,-64.5,-54.3,treatment effect,-96.2,-12.4,0.008,,,1,17,154,9,144,0,1,1,0,0,,
NCT01247324,10.1056/NEJMoa1601277,,,Not_head_to_head,Has_a_US_or_CAD_EU_UK_Australian_research_site,Yes,Phase_3,,Include,RMS,Ocrelizumab,Not_symptom_focus,,Phase_3,Adult,preapproval,pharma,,NULL,,Not_terminated,N_A,0,Annualized Relapse Rate,No,NA,1,Positive,NA,,,NULL,NULL,NULL,NULL,NULL,NULL,NULL,,,1,13,410,25,411,0,0,0,0,1,,
NCT01281189,10.1016/S1474-4422(13)70221-7,,0,Not_head_to_head,Has_a_US_or_CAD_EU_UK_Australian_research_site,Yes,Phase_3,,Include,ALS,Dexpramipexole,Not_symptom_focus,,Phase_3,Adult,preapproval,pharma,942,NULL,,Not_terminated,N_A,0,Composite Assessment of Function and Survival (CAFS),No,NA,1,Nonpositive,NA,,,,,NULL,NULL,NULL,NULL,NULL,,,1,35,474,15,468,0,1,1,0,0,,
NCT01390220,10.1111/epi.15159,,,Not_head_to_head,Has_a_US_or_CAD_EU_UK_Australian_research_site,Yes,Phase_3,,Include,Epilepsy,midazolam nasal spray,Not_symptom_focus,,Phase_3,Mixed,preapproval,pharma,292,NULL,,Terminated,Terminated_for_company_reasons,0,"the proportion of patients achieving treatment success, a composite measure defined as seizure termination within 10 minutes of, and no seizure recurrence 10 minutes to 6 hours after",No,na,1,Positive,NA,,,NULL,NULL,NULL,NULL,NULL,NULL,NULL,,,1,3,174,0,88,1,0,0,0,0,,
NCT01397422,https://movementdisorders.onlinelibrary.wiley.com/doi/10.1002/mds.26159,,,Not_head_to_head,Has_a_US_or_CAD_EU_UK_Australian_research_site,Yes,Phase_3,,Include,PD,ADS-5102 (extended release amantadine HCl) and levodopa,Not_symptom_focus,,Phase_2slash3,Adult,postapproval,pharma,,NULL,,Not_terminated,N_A,0,Unified Dyskinesia Rating Scale (UDysRS) total score ,Yes,340 mg (stated in paper as primary efficacy analysis),1,Positive,UDysRS,,,43%,16%,-11.3,"least squares, POINT = POSITIVE",-19.1,-3.5,0.005,,,1,3,21,0,22,0,0,0,0,1,,
NCT01412333,10.1056/NEJMoa1601277,,,Not_head_to_head,Has_a_US_or_CAD_EU_UK_Australian_research_site,Yes,Phase_3,,Include,RMS,Ocrelizumab,Not_symptom_focus,,Phase_3,Adult,preapproval,pharma,,NULL,,Not_terminated,N_A,0,"annualized relapse rate by 96 weeks,",No,NA,1,Positive,NA,,,NULL,NULL,NULL,NULL,NULL,NULL,NULL,,,1,16,417,25,418,0,0,0,0,1,,
NCT01433497,10.1212/NXI.0000000000001148,,,Not_head_to_head,Has_a_US_or_CAD_EU_UK_Australian_research_site,Yes,Phase_3,,Include,PMS,Masitinib,Not_symptom_focus,,Phase_3,Adult,preapproval,pharma,,NULL,,Not_terminated,N_A,0,overall EDSS change from baseline,Yes,They say they are separate so took 6.0 for secondaries,1,Positive,EDSS,,,0.009,-0.005,0.014,"least squares mean difference, POINT = negative",-0.111,0.14,0.802,,,1,40,203,4,107,0,1,0,1,0,,
NCT01568073,10.1016/S1474-4422(15)00336-1,,0,Not_head_to_head,Has_a_US_or_CAD_EU_UK_Australian_research_site,Yes,Phase_3,,Include,PD,Bia 9-1067- opicapone,Not_symptom_focus,,Phase_3,Adult,preapproval,pharma,600,NULL,,Not_terminated,N_A,0,change from baseline in absolute OFF-time at the end of the DB period,Yes,superiority first took 50 mg,1,Positive,absolute time in the off state,,,-116.8,-56,-60.8,adjusted least squares mean change from baseline,-97.2,-24.4,0.0015,,,1,5,116,8,121,0,1,1,0,0,,
NCT01604785,https://doi.org/10.1016/j.jemermed.2018.01.003,,,Not_head_to_head,Has_a_US_or_CAD_EU_UK_Australian_research_site,Yes,Phase_3,,Include,Headache,Propofol,Not_symptom_focus,,Phase_2slash3,Pediatric,postapproval,Non_pharma,,maybe non inferiority?,,Not_terminated,N_A,0,percent of pain reduction,No,Na,1,Nonpositive,NA,,,NULL,NULL,NULL,NULL,NULL,NULL,NULL,,,0,NA,NULL,NULL,NULL,0,0,0,0,1,,
NCT01639014,no results-skip results section ,,,Not_head_to_head,Has_a_US_or_CAD_EU_UK_Australian_research_site,Yes,Phase_3,,Include,Stroke,F2695- Levomilnacipran,Not_symptom_focus,,Phase_3,Adult,preapproval,pharma,,NULL,,Not_terminated,N_A,0,NULL,NULL,NULL,0,,NA,,,NULL,NULL,NULL,NULL,NULL,NULL,NULL,,,0,NA,NULL,NULL,NULL,1,0,0,0,0,,
NCT01661322,https://www.thelancet.com/journals/lancet/article/PIIS0140-6736(17)32849-0/fulltext,,,Not_head_to_head,Has_a_US_or_CAD_EU_UK_Australian_research_site,Yes,Phase_3,,Include,Stroke,"Aspirin, Dipyradimole, Clopidogrel",Not_symptom_focus,,Phase_3,Adult,postapproval,Non_pharma,,NULL,,Terminated,Terminated_for_futility,1,ordinal stroke severity ,No,NULL,1,Nonpositive,NA,,,NULL,NULL,NULL,NULL,NULL,NULL,NULL,,,0,NA,NULL,NULL,NULL,1,0,0,0,0,,
NCT01665144,10.1016/S0140-6736(18)30475-6,,,Not_head_to_head,Has_a_US_or_CAD_EU_UK_Australian_research_site,Yes,Phase_3,,Include,PMS,Siponimod,Not_symptom_focus,,Phase_3,Adult,preapproval,pharma,,NULL,,Not_terminated,N_A,0,Time to 3 month CDP,No,NA,1,Positive,NA,,,NULL,NULL,NULL,NULL,NULL,NULL,NULL,,,1,45,1105,18,546,0,0,0,0,1,,
NCT01689233,10.3233/JAD-170560,,,Not_head_to_head,Has_a_US_or_CAD_EU_UK_Australian_research_site,Yes,Phase_3,,Include,AD,TRx0237 Leuco-Methylthioninium Bis(Hydromethanesulphonate) (LMTM),Not_symptom_focus,,Phase_3,Mixed,preapproval,pharma,,wdAE may be off??? CHECK this. one was added. looks like comparing doses but the small dose was trying to be a blinded control so pee is the same color,,Not_terminated,N_A,0,modified primaries but cognitive (ADAS-cog) and functional (ADCS-ADL) as coprimaries,Yes,"A) 100?mg twice a day a monotherapy compared with 4?mg twice a day as originally randomized, and (B) 4?mg twice a day as monotherapy compared with 4?mg twice a day as add-on to standard AD treatments. took A for SMD bc original but both are combined for WdAE",1,Positive,ADAS-cog,,,,NULL,-3.14,"effect size, POINT = POSITIVE",-5.32,-0.97,0.0047,,,1,62,399,23,396,1,0,0,0,0,,
NCT01689246,10.1016/S0140-6736(16)31275-2,,,Not_head_to_head,Has_a_US_or_CAD_EU_UK_Australian_research_site,Yes,Phase_3,,Include,AD,TRx0237,Not_symptom_focus,,Phase_3,Adult,preapproval,pharma,891,NULL,,Not_terminated,N_A,0,differences in ADAS-Cog and ADCS-ADL ,Yes,none took 125,1,Nonpositive,adascog,,,NA,6.32,-0.43,Least squares estimates of mean change,-2.06,1.2,0.9323,,,1,41,266,24,357,1,0,0,0,0,,
NCT01713946,https://doi.org/10.1016/S0140-6736(16)31419-2,,,Not_head_to_head,Has_a_US_or_CAD_EU_UK_Australian_research_site,Yes,Phase_3,,Include,Epilepsy,Everolimus as Adjunctive Therapy,Not_symptom_focus,,Phase_3,Mixed,postapproval,pharma,366,NULL,,Not_terminated,N_A,0, change from baseline in seizure frequency ,Yes,None so too 9-15,1,Positive,reduction in sf,,,40,14.9,39.6,greater median percentage,35,48.7,<.0001,,,1,4,130,2,119,0,0,0,0,1,,
NCT01739348,10.1056/NEJMoa1706441,,0,Not_head_to_head,Has_a_US_or_CAD_EU_UK_Australian_research_site,Yes,Phase_3,,Include,AD,Verubecestat MK-8931,Not_symptom_focus,,Phase_2slash3,Adult,preapproval,pharma,2211,NULL,,Terminated,Terminated_for_futility,1,change from baseline in the score on the ADAS-cog and the ADCS-ADL at week 78,Yes,40 mg (highest dose in efficacy group - 60 mg was being tested for safety and not included in primary analysis),1,Nonpositive,ADAS-cog,1,95,8,7.7,0.4,lsm diff,-0.8,1.5,0.46,0.23,0.7388,1,49,652,31,653,0,0,0,0,1,,
NCT01741194,https://content.iospress.com/articles/journal-of-alzheimers-disease/jad191302,,,Not_head_to_head,Has_a_US_or_CAD_EU_UK_Australian_research_site,Yes,Phase_3,,Include,AD,AC-1204,Not_symptom_focus,,Phase_2slash3,Adult,preapproval,pharma,,NULL,,Not_terminated,N_A,0,ADAS-cog in (apoe-) subset ,No,NA,1,Nonpositive,adas cog ,1,0,1.072,0.311,0.08,ls mean diff,0,0,0.245,0.1225,1.1626,0,Na,NULL,NULL,NULL,0,0,0,0,1,,
NCT01741701,https://pdfs.semanticscholar.org/7003/5129fc683f3f06d6a82b1501d417abf5d09c.pdf,,,Not_head_to_head,Has_a_US_or_CAD_EU_UK_Australian_research_site,Yes,Phase_3,,Include,PD,Oxaloacetate (OAA),Not_symptom_focus,,Phase_2slash3,Adult,preapproval,Non_pharma,,NULL,,Not_terminated,N_A,0,Unified Parkinson's Disease Rating Scale (UPDRS) Total Score ,No,NA,1,Nonpositive,unclear,,,NULL,NULL,NULL,NULL,NULL,NULL,NULL,,,1,5,18,1,15,0,0,0,0,1,,
NCT01795859,10.1001/jama.2016.8655,,,Not_head_to_head,Has_a_US_or_CAD_EU_UK_Australian_research_site,NULL,Phase_3,symptom ,Include,Huntingtons,SD-809,Symptom_focus,Chorea,Phase_3,Adult,preapproval,pharma,90,NULL,,Not_terminated,N_A,0,maximal chorea score change from baseline,No,NULL,1,Positive,Chorea score,,,-4.4,-1.9,-2.5,least squares ,-3.7,-1.3,<.001,,,1,1,45,1,45,1,0,0,0,0,,
NCT01872598,https://alz-journals.onlinelibrary.wiley.com/doi/abs/10.1002/alz.049866,,,Not_head_to_head,Has_a_US_or_CAD_EU_UK_Australian_research_site,Yes,Phase_3,,Include,AD,Masitinib and cholinesterase inhibitor,Not_symptom_focus,,Phase_2slash3,Adult,preapproval,pharma,,p2/3 on abstract but ct.gov is p3,,Not_terminated,N_A,0,overall change from baseline at week-24 (analysis of covariance model) in the Alzheimer's Disease Assessment Scale-Cognitive Subscale (ADAS-Cog) or the Alzheimer's Disease Cooperative Study Activities of Daily Living (ADCS-ADL) score,Yes,4.5mg/kg (titrated dose results not reported),1,Positive,ADAS cog,1,97,-1.46,0.69,-2.15,97%-check these all of these in the other trials,-3.48,-0.081,0.0003,0.0002,3.6153,0,NA,NULL,NULL,NULL,0,0,0,0,1,,
NCT01953601,10.1056/NEJMoa1812840,,,Not_head_to_head,Has_a_US_or_CAD_EU_UK_Australian_research_site,Yes,Phase_3,,Include,AD,Verubecestat,Not_symptom_focus,,Phase_3,Adult,preapproval,pharma,1454,NULL,,Terminated,Terminated_for_futility,1,CDR-SB,Yes,40 mg,1,Negative,CDR-SB score,,,2.02,1.58,0.44,least mean square,0.04,0.84,0.01,,,1,37,484,15,485,1,0,0,0,0,,https://www.alzforum.org/therapeutics/verubecestat
NCT01955161,10.1001/jama.2017.20373,,,Not_head_to_head,Has_a_US_or_CAD_EU_UK_Australian_research_site,Yes,Phase_3,,Include,AD,Idalopirdine and Donepezil,Not_symptom_focus,,Phase_3,Adult,preapproval,pharma,933,NULL,adjuvent,Not_terminated,N_A,0,ADAS-Cog 24 weeks,Yes,Both are--took higher dose,1,Nonpositive,ADAS-cog,1,95,0.37,0.41,0.05,Least Squares,-0.88,0.98,0.99,0.495,0.0125,1,18,310,11,310,0,0,0,0,1,,
NCT01963208,https://n.neurology.org/content/88/16_Supplement/P5.237,,,Not_head_to_head,Has_a_US_or_CAD_EU_UK_Australian_research_site,Yes,Phase_3,,Include,Epilepsy,Ganaxolone as Adjunctive Therapy,Not_symptom_focus,,Phase_3,Adult,preapproval,pharma,,NULL,,Not_terminated,N_A,0,Percent Change From Baseline in 28-day Seizure Frequency,No,NA,1,Nonpositive,percent reduction in seizure frequency,,,21.8,10.25,-7.06,"median difference, POINT = POSITIVE",-17.44,3.52,0.1788,,,1,30,179,11,180,0,0,0,0,1,,
NCT01994720,10.1056/NEJMoa1603060,,,Not_head_to_head,Has_a_US_or_CAD_EU_UK_Australian_research_site,Yes,Phase_3,,Include,Stroke,Ticagrelor,Not_symptom_focus,,Phase_3,Adult,postapproval,pharma,13307,NULL,,Not_terminated,N_A,0,"time from randomization to the first occurrence of any event from the composite of stroke (ischemic or hemorrhagic), myocardial infarction, or death; ",No,NA,1,Nonpositive,NA,,,NULL,NULL,NULL,NULL,NULL,NULL,NULL,,,1,621,6589,452,6610,1,0,0,0,0,,
NCT02006641,10.1001/jama.2017.20373,,,Not_head_to_head,Has_a_US_or_CAD_EU_UK_Australian_research_site,NULL,Phase_3,,Include,AD,Idalopirdine and Donepezil,Not_symptom_focus,,Phase_3,Adult,preapproval,pharma,858,NULL,adjuvent,Not_terminated,N_A,0,ADAS-Cog from baseline to 24 week,Yes,30 is higher in priority,1,Nonpositive,ADAS-Cog,1,95,1.01,0.56,0.63,Least-Squares Mean,-0.38,1.65,0.22,0.11,1.2265,1,15,284,15,284,0,0,0,0,1,,
NCT02006654,10.1001/jama.2017.20373,,,Not_head_to_head,Has_a_US_or_CAD_EU_UK_Australian_research_site,Yes,Phase_3,,Include,AD,AChEI and Idalopirdine,Not_symptom_focus,,Phase_3,Adult,preapproval,pharma,734,NULL,adjuvent,Not_terminated,N_A,0,Week 24 in ADAS-Cog,No,NULL,1,Nonpositive,ADAS-cog,1,95,0.38,0.82,-0.55,Least Squares,-1.45,0.36,0.24,0.12,1.175,1,17,365,17,369,0,0,0,0,1,,
NCT02017340,10.1371/journal.pmed.1002660,,0,Not_head_to_head,Has_a_US_or_CAD_EU_UK_Australian_research_site,Yes,Phase_3,,Include,AD,Nilvadipine,Not_symptom_focus,,Phase_3,Adult,preapproval,Non_pharma,511,NULL,,Not_terminated,N_A,0,change from baseline in the 12-item Alzheimer Disease Assessment Scale–Cognitive Subscale (ADAS-Cog 12) [18] and the Clinical Dementia Rating scale sum of boxes (CDR-sb) [,No,NA,1,Nonpositive,ADAS-cog,1,95,9.41,9.63,-0.22,? difference from placebo.,-2.01,1.57,0.465,0.2325,0.7306,1,9,253,5,258,0,1,1,0,0,,
NCT02080364,ct.gov/ https://alz-journals.onlinelibrary.wiley.com/doi/epdf/10.1002/alz.041198,,,Not_head_to_head,Has_a_US_or_CAD_EU_UK_Australian_research_site,Yes,Phase_3,,Include,AD,Azeliragon and stable acetylcholinesterase inhibitors and/or memantine,Not_symptom_focus,,Phase_3,Adult,preapproval,pharma,,took A not B because it seems to be first,,Terminated,Terminated_for_futility,1,ADAS-Cog and CDR-SB,No,NA,1,Nonpositive,ADAS-Cog,0,,3.8,3.1,Null,Null,Null,Null,0.3386,,,1,10,197,15,208,0,1,0,1,0,,
NCT02091375,10.1056/NEJMoa1611618,,,Not_head_to_head,Has_a_US_or_CAD_EU_UK_Australian_research_site,Yes,Phase_3,,Include,Epilepsy,GWP42003-P (cannabidiol) and standard anti-epileptic treatment,Not_symptom_focus,,Phase_3,Pediatric,preapproval,pharma,120,NULL,,Not_terminated,N_A,0,percentage change per 28 days from the 4-week baseline period in convulsive-seizure frequency during the 14-week treatment period,No, Na,1,Positive,convulsive-seizure frequency,,,-38.9,-13.3,-22.8,adjusted mean difference,-41.1,-5.4,0.01,,,1,8,61,1,59,1,0,0,0,0,,
NCT02168842,10.7326/M19-2534,,,Not_head_to_head,Has_a_US_or_CAD_EU_UK_Australian_research_site,Yes,Phase_3,,Include,PD,Isradipine,Not_symptom_focus,,Phase_3,Adult,postapproval,Non_pharma,336,NULL,,Not_terminated,N_A,0,change in Unified Parkinson's Disease Rating Scale (UPDRS) parts I to III score from baseline to 36 months,No,NA,1,Nonpositive,UPDRS,,,2.99,3.26,-0.27,lsm adjusted diff,-3.02,2.48,0.85,,,0,NA,NULL,NULL,NULL,0,1,1,0,0,,
NCT02220933,https://journals.sagepub.com/doi/10.1177/1352458516667568,,,Not_head_to_head,Has_a_US_or_CAD_EU_UK_Australian_research_site,Yes,Phase_3,,Include,PMS,MD1003 (high-dose biotin),Not_symptom_focus,,Phase_3,Adult,preapproval,pharma,144,NULL,,Not_terminated,N_A,0,"proportion of patients with improvement of MS-related disability at month 9, confirmed at month 12",No,NA,1,Positive,NA,,,NULL,NULL,NULL,NULL,NULL,NULL,NULL,,,1,6,103,7,51,0,1,1,0,0,,
NCT02224560,10.1056/NEJMoa1714631,,,Not_head_to_head,Has_a_US_or_CAD_EU_UK_Australian_research_site,Yes,Phase_3,,Include,Epilepsy,GWP42003-P (Cannabidiol),Not_symptom_focus,,Phase_3,Mixed,preapproval,pharma,225,NULL,,Not_terminated,N_A,0,Percent change from baseline in the frequency of drop seizures,Yes,20-mg cannabidiol group,1,Positive,median percent reduction from baseline in drop-seizure frequency,,,41.9,17.2,21.6,estimated,6.7,34.8,0.005,,,1,4,76,1,76,1,0,0,0,0,lots of old papers but no clinical trials in viewer-probs exclude?,
NCT02224690,10.1016/S0140-6736(18)30136-3,,,Not_head_to_head,Has_a_US_or_CAD_EU_UK_Australian_research_site,Yes,Phase_3,,Include,Epilepsy,Cannabidiol (GWP42003-P; CBD) as Adjunctive Treatment,Not_symptom_focus,,Phase_3,Mixed,preapproval,pharma,171,NULL,,Not_terminated,N_A,0,"percentage change in monthly frequency of drop seizures from baseline, measured during the 14-week treatment period",No,NA,1,Positive, monthly frequency of drop seizures ,,,-0.439,-0.218,-17.21,median difference,-30.32,-4.09,0.0135,,,1,8,86,1,85,1,0,0,0,0,lots of old papers but no clinical trials in viewer-probs exclude?,
NCT02224703,10.1001/jamaneurol.2020.0073,,,Not_head_to_head,Has_a_US_or_CAD_EU_UK_Australian_research_site,Yes,Phase_3,,Include,Epilepsy,Cannabidiol and at least 1 anti-epileptic drug,Not_symptom_focus,,Phase_3,Pediatric,preapproval,pharma,199,NULL,,Not_terminated,N_A,0,The percentage reduction from baseline in convulsive seizure frequency during the 14-week treatment period,Yes,took 20,1,Positive,percentage reduction from baseline in convulsive seizure frequency,,,45.7,26.9,25.7,,2.9,43.2,0.03,,,1,5,67,0,65,1,0,0,0,0,but approved for this indication? lots of old papers but no clinical trials in viewer-probs exclude?,
NCT02240030,10.1016/S1474-4422(18)30405-8,,,Not_head_to_head,Has_a_US_or_CAD_EU_UK_Australian_research_site,Yes,Phase_3,,Include,PD,"CVT-301 delivered by oral inhalation, as an as-needed adjunct therapy to a daily LD-DCI regimen",Not_symptom_focus,,Phase_3,Adult,postapproval,pharma,351,NULL,,Not_terminated,N_A,0,"change in UPDRS motor scores from predose to 30 min postdose, assessed at week 12 during an in-clinic off period",Yes,84 mg,1,Positive,UPDRS 30 mins postdose,,,-9.83,-5.91,-3.92,Least Squares,-6.84,-1,0.008,,,1,6,120,3,116,0,0,0,0,1,,
NCT02245737,10.1001/jamaneurol.2019.3988,,0,Not_head_to_head,Has_a_US_or_CAD_EU_UK_Australian_research_site,Yes,Phase_3,,Include,AD,Lanabecestat,Not_symptom_focus,,Phase_2slash3,Adult,preapproval,pharma,2218,NULL,,Terminated,Terminated_for_futility,1,ADAS-Cog,Yes,50 mg (took higher dose),1,Nonpositive,Adas cog,1,95,37.6,37.6,0.04,LS mean,-1.1,2,0.6,0.3,0.5244,1,33,739,23,740,0,0,0,0,1,,
NCT02322333,no results-skip results section ,,,Not_head_to_head,Has_a_US_or_CAD_EU_UK_Australian_research_site,Yes,Phase_3,,Include,Headache,MLD10 (elemental magnesium),Not_symptom_focus,,Phase_2slash3,Adult,postapproval,pharma,,check approval-vitamin?,,Not_terminated,N_A,0,NULL,NULL,NULL,0,,NA,,,NULL,NULL,NULL,NULL,NULL,NULL,NULL,,,0,NA,NULL,NULL,NULL,0,0,0,0,1,,
NCT02397473,10.1056/NEJMoa1813440,,,Not_head_to_head,Has_a_US_or_CAD_EU_UK_Australian_research_site,Yes,Phase_3,,Include,Headache,Galcanezumab,Not_symptom_focus,,Phase_3,Adult,preapproval,pharma,109,NULL,,Terminated,Terminated_for_other_reasons,0,Overall Mean Change From Baseline in Number of Weekly Cluster Headache Attacks,No,NA,1,Positive,mean reduction in weekly frequency,1,,8.7,5.2,3.5,(between-group difference in mean change,0.2,6.7,0.04,,,1,2,49,1,57,0,0,0,0,1,,
NCT02425644,10.1001/jamaneurol.2021.0405,,,Not_head_to_head,Has_a_US_or_CAD_EU_UK_Australian_research_site,Yes,Phase_3,,Include,RMS,Ponesimod,Not_symptom_focus,,Phase_3,Adult,preapproval,pharma,,NULL,,Not_terminated,N_A,0,annualized relapse rate,No,NA,1,Positive,NA,,,NULL,NULL,NULL,NULL,NULL,NULL,NULL,,,1,13,567,3,566,0,0,0,0,1,,
NCT02438826,10.1177/0333102420905321,,,Not_head_to_head,Has_a_US_or_CAD_EU_UK_Australian_research_site,Yes,Phase_3,,Include,Headache,Galcanezumab,Not_symptom_focus,,Phase_3,Adult,preapproval,pharma,240,NULL,,Not_terminated,N_A,0,Overall Mean Change From Baseline in Weekly Cluster Headache Attack Frequency,No,NA,1,Nonpositive,weekly attack frequency,1,,-5.4,-4.6,NA,LS mean change ,,,0.334,,,1,1,117,1,123,0,0,0,0,1,,
NCT02439320,10.1212/WNL.0000000000006641,,,Not_head_to_head,Has_a_US_or_CAD_EU_UK_Australian_research_site,Yes,Phase_3,,Include,Headache,Lasmiditan,Not_symptom_focus,,Phase_3,Adult,preapproval,pharma,2231,NULL,,Not_terminated,N_A,0,Percentage of Participants Who Are Headache Pain Free [ Time Frame: 2 hours post dose ],Yes,200mg is primary,1,Positive,NA,,,NULL,NULL,NULL,NULL,NULL,NULL,NULL,,,1,2,745,0,742,0,0,0,0,1,,
NCT02456740,10.1056/NEJMoa1705848,,,Not_head_to_head,Has_a_US_or_CAD_EU_UK_Australian_research_site,Yes,Phase_3,,Include,Headache,Erenumab (AMG 334),Not_symptom_focus,,Phase_3,Adult,preapproval,pharma,955,NULL,,Not_terminated,N_A,0,Change From Baseline in Mean Monthly Migraine Days to the Last 3 Months of the Double-blind Treatment Period,Yes,took higher-140,1,Positive,Migraine days per month,1,,-3.7,-1.8,-1.9,not given,-2.3,-1.4,<.001,,,1,7,319,8,319,0,0,0,0,1,,
NCT02477800,10.14283/jpad.2022.30,https://investors.biogen.com/static-files/74641e1b-cd23-495e-8f29-f4ecac0a1126,https://alz-journals.onlinelibrary.wiley.com/doi/abs/10.1002/alz.047259,Not_head_to_head,Has_a_US_or_CAD_EU_UK_Australian_research_site,Yes,Phase_3,,Include,AD,Aducanumab,Not_symptom_focus,,Phase_3,Adult,preapproval,pharma,1653,ENGAGE,,Terminated,Terminated_for_futility,1,change in baseline CDR-sum of boxes,Yes,High dose,1,Nonpositive,CDR-SB,,,`NA,1.56,0.03,NA,-0.26,0.33,0.833,,,1,28,556,16,548,1,0,0,0,0,,
NCT02483585,10.1177/0333102418759786,,,Not_head_to_head,Has_a_US_or_CAD_EU_UK_Australian_research_site,Yes,Phase_3,,Include,Headache,Erenumab (AMG 334),Not_symptom_focus,,Phase_3,Adult,preapproval,pharma,577,NULL,,Not_terminated,N_A,0,Change From Baseline in Monthly Migraine Days at Week 12,No,NA,1,Positive,Change in monthly migraine days,1,,-2.9,-1.8,-1,least squares mean,-1.6,-0.5,<0.001,,,1,5,283,1,289,0,0,0,0,1,,
NCT02484547,10.14283/jpad.2022.30,https://investors.biogen.com/static-files/74641e1b-cd23-495e-8f29-f4ecac0a1126,https://alz-journals.onlinelibrary.wiley.com/doi/abs/10.1002/alz.047259,Not_head_to_head,Has_a_US_or_CAD_EU_UK_Australian_research_site,Yes,Phase_3,,Include,AD,Aducanumab,Not_symptom_focus,,Phase_3,Adult,preapproval,pharma,1643,EMERGE,,Terminated,Terminated_for_futility,1,CDR-SB,Yes,high,1,Positive,CDR-SB,,,NA,1.74,-0.39,NA,-0.69,-0.09,0.012,,,1,20,547,10,549,1,0,0,0,0,,
NCT02547818,no results-skip results section ,,,Not_head_to_head,Has_a_US_or_CAD_EU_UK_Australian_research_site,Yes,Phase_3,,Include,AD,ALZT-OP1 combination treatment (ALZT-OP1a + ALZT-OP1b),Not_symptom_focus,,Phase_3,Adult,postapproval,pharma,,NULL,,Not_terminated,N_A,0,NULL,,NULL,0,,,,,,,,,,,,,,0,,,,,1,0,0,0,0,,
NCT02559895,10.1177/0333102420905132,,,Not_head_to_head,Has_a_US_or_CAD_EU_UK_Australian_research_site,Yes,Phase_3,,Include,Headache,Eptinezumab (ALD403),Not_symptom_focus,,Phase_3,Adult,preapproval,pharma,898,NULL,,Not_terminated,N_A,0,"change from baseline in monthly migraine days (MMDs) over weeks 1–12, assessed using eDiary data",Yes,300 mg is primary,1,Positive,mmd,1,,-4.3,-3.2,-1.11,unadjusted,-1.68,-0.054,0.0001,,,1,3,224,1,225,0,0,0,0,1,,
NCT02585934,10.1002/trc2.12136,,,Not_head_to_head,Has_a_US_or_CAD_EU_UK_Australian_research_site,Yes,Phase_3,,Include,AD,Intepirdine and Donepezil,Not_symptom_focus,,Phase_3,Adult,preapproval,pharma,1315,NULL,adjuvent,Not_terminated,N_A,0,ADAs cog and ADCS-adl,No,NA,1,Nonpositive,ADAScog,1,95,0.39,0.75,-0.36,pairwise comparison,-0.95,0.22,0.2249,0.1125,1.2136,1,21,661,22,654,0,1,0,1,0,,
NCT02588677,https://doi.org/10.1080/21678421.2019.1632346,,0,Not_head_to_head,Has_a_US_or_CAD_EU_UK_Australian_research_site,Yes,Phase_3,,Include,ALS,Masitinib in Combination With Riluzole,Not_symptom_focus,,Phase_2slash3,Adult,preapproval,pharma,394,NULL,,Not_terminated,N_A,0,decline in ALSFRS-R at week-48,Yes,high-dose “Normal Progressor”,1,Positive,ALSFRS-R,,,-9.2,-12.6,3.4,between groupr,0.65,6.13,0.016,,,1,11,130,1,133,0,0,0,0,1,,
NCT02593097,ct.gov,,,Not_head_to_head,Has_a_US_or_CAD_EU_UK_Australian_research_site,Yes,Phase_3,,Include,Headache,Metformin,Not_symptom_focus,,Phase_3,Adult,postapproval,Non_pharma,,NULL,,Not_terminated,N_A,0,Headache Days,No,NA,1,NULL,NA,,,NULL,NULL,NULL,NULL,NULL,NULL,NULL,,,0,NA,NA,NA,NA,1,0,0,0,0,,
NCT02605434,https://indaptusrx.com/wp-content/uploads/2019/09/MDS-2019-Accordance_Final-1.pdf,,,Not_head_to_head,Has_a_US_or_CAD_EU_UK_Australian_research_site,Yes,Phase_3,,Include,PD,Gastric-retentive Accordion Pill-CD/LD,Not_symptom_focus,,Phase_3,Adult,postapproval,pharma,,should this be included?,,Not_terminated,N_A,0,change from Baseline (Visit 6) through study completion in the percentage of daily OFF time during waking hours,No,NA,1,Nonpositive,NA,,,NULL,NULL,NULL,NULL,NULL,NULL,NULL,,,1,15,163,3,157,1,0,0,0,0,,
NCT02614183,10.1001/jamaneurol.2018.1212,,,Not_head_to_head,Has_a_US_or_CAD_EU_UK_Australian_research_site,Yes,Phase_3,,Include,Headache,Galcanezumab,Not_symptom_focus,,Phase_3,Adult,preapproval,pharma,862,NULL,,Not_terminated,N_A,0,Overall Mean Change From Baseline in the Number of Monthly Migraine Headache Days,Yes,took higher-240,1,Positive,monthly migraine headache days,1,,4.6,2.8,NULL,not mean difference,NULL,NULL,<0.001,,,1,7,212,10,433,0,0,0,0,1,,
NCT02614196,10.1177/0333102418779543,,,Not_head_to_head,Has_a_US_or_CAD_EU_UK_Australian_research_site,Yes,Phase_3,,Include,Headache,Galcanezumab,Not_symptom_focus,,Phase_3,Adult,preapproval,pharma,986,NULL,,Not_terminated,N_A,0,Overall Mean Change From Baseline in the Number of Monthly Migraine Headache Days,Yes,240 mg,1,Positive,Least squares mean change from baseline in monthly migraine headache days,1,,-4.18,-2.28,-1.9,least squares mean change,-2.4,-1.4,<.001,,,1,9,223,8,461,0,0,0,0,1,,
NCT02614261,10.1212/WNL.0000000000006640,,,Not_head_to_head,Has_a_US_or_CAD_EU_UK_Australian_research_site,Yes,Phase_3,,Include,Headache,Galcanezumab,Not_symptom_focus,,Phase_3,Adult,preapproval,pharma,1117,NULL,,Not_terminated,N_A,0,Overall Mean Change From Baseline in the Number of Monthly Migraine Headache Days,Yes,took 240,1,Positive,mean reduction in the number of monthly MHDs,1,,-4.6,-2.7,-1.9,least squares mean,-2.7,-1.1,<0.001,,,1,2,277,6,558,0,0,0,0,1,,
NCT02621931,10.1056/NEJMoa1709038,,,Not_head_to_head,Has_a_US_or_CAD_EU_UK_Australian_research_site,Yes,Phase_3,,Include,Headache,Fremanezumab,Not_symptom_focus,,Phase_3,Adult,preapproval,pharma,1130,NULL,,Not_terminated,N_A,0,Change From Baseline in the Monthly Average Number of Headache Days of At Least Moderate Severity During the 12-Week Period After the First Dose of Study Drug,Yes,took monthly,1,Positive,number headache days,1,,-4.6,-2.5,-2.1,lsm,-2.4,-1.8,<.001,,,1,7,379,8,375,0,0,0,0,1,,
NCT02629861,10.1001/jama.2018.4853,,,Not_head_to_head,Has_a_US_or_CAD_EU_UK_Australian_research_site,Yes,Phase_3,,Include,Headache,Fremanezumab,Not_symptom_focus,,Phase_3,Adult,preapproval,pharma,875,NULL,,Not_terminated,N_A,0,Change From Baseline in the Monthly Average Number of Migraine Days During the 12-Week Period After the First Dose of Study Drug,Yes,monthly-more often,1,Positive,monthly migraine days,1,,-3.7,-2.2,-1.5,LSM change from baseline,-2.01,-0.93,<.001,,,1,4,290,7,294,0,0,0,0,1,,
NCT02642393,10.1001/jama.2021.10207,,,Not_head_to_head,Has_a_US_or_CAD_EU_UK_Australian_research_site,Yes,Phase_3,,Include,PD,Inosine,Not_symptom_focus,,Phase_3,Adult,preapproval,Non_pharma,298,NULL,,Terminated,Terminated_for_futility,1,rate of change in the Movement Disorder Society Unified Parkinson Disease Rating Scale (MDS-UPDRS; parts I-III) total score ,No,NA,1,Nonpositive,NA,slope difference,,null,NULL,NULL,NULL,NULL,NULL,NULL,,,0,NA,NULL,NULL,NULL,0,1,1,0,0,,
NCT02670083,10.1001/jamaneurol.2022.2909,,,Not_head_to_head,Has_a_US_or_CAD_EU_UK_Australian_research_site,Yes,Phase_3,,Include,AD,Crenezumab,Not_symptom_focus,,Phase_3,Adult,preapproval,pharma,813,NULL,,Terminated,Terminated_for_futility,1,CDR-SB,No,NA,1,Nonpositive,CDR-SB,,,3.59,3.42,-0.17,mean difference,-0.86,0.53,0.63,,,1,13,404,16,409,0,1,0,1,0,,
NCT02745392,https://journals.sagepub.com/doi/10.1177/0333102417737765,,,Not_head_to_head,Has_a_US_or_CAD_EU_UK_Australian_research_site,Yes,Phase_3,,Include,Headache,ZP-Zolmitriptan Intracutaneous Microneedle Systems,Not_symptom_focus,,Phase_2slash3,Adult,postapproval,pharma,365,first with this delivery system-cant use nasal spray as evidence,,Not_terminated,N_A,0,proportion of patients reporting pain freedom at 2 hours post-dose and the proportion reporting freedom from their MBS a,Yes,took highest 3.8,1,Positive,NA,,,NULL,NULL,NULL,NULL,NULL,NULL,NULL,,,0,NA,NULL,NULL,NULL,0,0,0,0,1,,
NCT02779959,https://doi.org/10.1111/ane.13104,,,Not_head_to_head,Has_a_US_or_CAD_EU_UK_Australian_research_site,Yes,Phase_3,,Include,Headache,Buccal Prochlorperazine,Not_symptom_focus,,Phase_3,Adult,postapproval,Non_pharma,80,NULL,change in delivery,Not_terminated,N_A,0,detectable difference in the median pain VAS score recorded from Time 0 (baseline) to Time 60 minutes (conclusion of the study) for each of the two groups.,No,NA,1,Nonpositive,NA,,,NULL,NULL,NULL,NULL,NULL,NULL,NULL,,,0,NA,NULL,NULL,NULL,0,0,0,0,1,,
NCT02792218,,,,Not_head_to_head,Has_a_US_or_CAD_EU_UK_Australian_research_site,Yes,Phase_3,,Include,RMS,Ofatumumab,Not_symptom_focus,,Phase_3,Adult,postapproval,pharma,,NULL,,Not_terminated,N_A,0,Annualized Relapse Rate,No,NA,1,Positive,NA,,,NULL,NULL,NULL,NULL,NULL,NULL,NULL,,,1,15,465,14,462,0,0,0,0,1,,
NCT02792231,,,,Not_head_to_head,Has_a_US_or_CAD_EU_UK_Australian_research_site,Yes,Phase_3,,Include,RMS,Ofatumumab,Not_symptom_focus,,Phase_3,Adult,postapproval,pharma,,ASCLEPIOS II,,Not_terminated,N_A,0,Annualized relapse rate,No,NA,1,Positive,NA,,,NULL,NULL,NULL,NULL,NULL,NULL,NULL,,,1,15,481,11,474,0,0,0,0,1,,
NCT02794168,no results-skip results section ,,,Not_head_to_head,Has_a_US_or_CAD_EU_UK_Australian_research_site,Yes,Phase_3,,Include,TBI,VAS203 (Ronopterin),Not_symptom_focus,,Phase_3,Adult,preapproval,pharma,,NULL,,Not_terminated,N_A,0,NULL,,NULL,0,,,,,,,,,,,,,,0,,,,,0,1,1,0,0,,
NCT02828020,10.1056/NEJMoa1813049,,,Not_head_to_head,Has_a_US_or_CAD_EU_UK_Australian_research_site,Yes,Phase_3,,Include,Headache,Ubrogepant,Not_symptom_focus,,Phase_3,Adult,preapproval,pharma,1672,NULL,,Not_terminated,N_A,0,reedom from pain at 2 hours after the initial dose and absence of the most bothersome migraine-associated symptom at 2 hours,Yes,100 mg was taken,1,Positive,NA,,,NULL,NULL,NULL,NULL,NULL,NULL,NULL,,,1,1,557,3,559,0,1,0,1,0,,
NCT02848326,10.1016/S1474-4422(20)30234-9,,,Not_head_to_head,Has_a_US_or_CAD_EU_UK_Australian_research_site,Yes,Phase_3,,Include,Headache,Atogepant,Not_symptom_focus,,Phase_2slash3,Adult,preapproval,pharma,834,NULL,,Not_terminated,N_A,0,"change from baseline in mean monthly migraine days across the 12-week treatment period, with baseline defined as the 4-week pretreatment period.",Yes,higher dose is first but equal across twice or once daily so took 60 mg twice daily,1,Positive,montly migraine days ,1,,-4.1,-2.9,-1.3,lsmd,-2.1,-.0.5,0.0031,,,1,5,93,3,186,0,0,0,0,1,,
NCT02867709,10.1001/jama.2019.16711,,,Not_head_to_head,Has_a_US_or_CAD_EU_UK_Australian_research_site,Yes,Phase_3,,Include,Headache,Ubrogepant,Not_symptom_focus,,Phase_3,Adult,preapproval,pharma,1686,NULL,,Not_terminated,N_A,0,pain freedom and absence of the most bothersome migraine-associated symptom,Yes,took higher 50 mg,1,Positive,NA,,,NULL,NULL,NULL,NULL,NULL,NULL,NULL,,,1,2,562,1,563,0,1,0,1,0,,
NCT02907177,ct.gov,,,Not_head_to_head,Has_a_US_or_CAD_EU_UK_Australian_research_site,Yes,Phase_3,,Include,RMS,Ponesimod and  Dimethyl Fumarate (Tecfidera®),Not_symptom_focus,,Phase_3,Adult,preapproval,pharma,,NULL,,Terminated,Terminated_for_other_reasons,0,Annualized Confirmed Relapse Rate,No,NA,1,Nonpositive,NA,,,NULL,NULL,NULL,NULL,NULL,NULL,NULL,,,0,NA,NULL,NULL,NULL,1,0,0,0,0,,
NCT02945046,ct.gov or 10.1177/0333102419879363,,,Not_head_to_head,Has_a_US_or_CAD_EU_UK_Australian_research_site,Yes,Phase_3,,Include,Headache,Fremanezumab,Not_symptom_focus,,Phase_3,Adult,preapproval,pharma,,NULL,,Terminated,Terminated_for_futility,1,he primary efficacy endpoint was mean change from baseline (BL) in weekly (wkly) average number of CH attacks during the first 4 weeks (wks).,Yes,900/225/225 mg (higher dose),1,Nonpositive,change in weekly average CH attacks,1,,-7.6,-5.7,-1.9,"least squares, POINT = POSITIVE",-4.49,0.61,0.1345,,,1,2,55,1,59,0,0,0,0,1,,
NCT02956486,"ct,gov",,,Not_head_to_head,Has_a_US_or_CAD_EU_UK_Australian_research_site,Yes,Phase_3,,Include,AD,Elenbecestat (E2609),Not_symptom_focus,,Phase_3,Adult,preapproval,pharma,,safety and futility ,,Terminated,Terminated_for_safety,1,Change From Baseline up to Month 24 in the Clinical Dementia Rating-sum of Boxes (CDR-SB) Score,No,NA,1,Nonpositive,CDR change from baseline,,,1.99,2.17,-0.17,"least squares mean difference, POINT = POSITIVE",-0.57,0.22,0.385,,,1,88,1104,51,1108,0,1,1,0,0,,
NCT02964338,"ct,gov",,,Not_head_to_head,Has_a_US_or_CAD_EU_UK_Australian_research_site,Yes,Phase_3,,Include,Headache,Fremanezumab,Not_symptom_focus,,Phase_3,Adult,preapproval,pharma,,NULL,,Terminated,Terminated_for_futility,1,Mean Change From Baseline in the Overall Monthly Average Number of CH Attacks Up to Week 12,Yes,900/225/225 mg (higher dose),1,Nonpositive, CH attacks/month,1,,-15.5,-12.2,-3.3,LsM,-9.59,3.01,0.3047,,,1,1,87,2,84,0,0,0,0,1,,
NCT03006276,10.1111/head.13663,,,Not_head_to_head,Has_a_US_or_CAD_EU_UK_Australian_research_site,Yes,Phase_3,,Include,Headache,DFN-15-Celecoxib Oral Solution,Not_symptom_focus,,Phase_3,Adult,postapproval,pharma,622,NULL,,Not_terminated,N_A,0,One coprimary endpoint was the proportion of subjects with pain freedom at 2 hours postdose. The other coprimary endpoint was the proportion of subjects free of their MBS 2 hours postdose.,,NA,1,Positive,NA,,,NULL,NULL,NULL,NULL,NULL,NULL,NULL,,,1,0,311,3,311,0,1,0,1,0,,
NCT03009019,10.2147/JPR.S322292,,,Not_head_to_head,Has_a_US_or_CAD_EU_UK_Australian_research_site,Yes,Phase_3,,Include,Headache,DFN-15-Celecoxib Oral Solution,Not_symptom_focus,,Phase_3,Adult,postapproval,pharma,631,NULL,,Not_terminated,N_A,0,Proportion of subjects who are pain-free at 2 hours postdose,No,NA,1,Nonpositive,NA,,,NULL,NULL,NULL,NULL,NULL,NULL,NULL,,,0,NA,NULL,NULL,NULL,0,1,0,1,0,,
NCT03068754,no results-skip results section ,,,Not_head_to_head,Has_a_US_or_CAD_EU_UK_Australian_research_site,Yes,Phase_3,,Include,ALS,Acthar® Gel (Acthar) ,Not_symptom_focus,,Phase_2slash3,Adult,postapproval,pharma,,dont know if safety or futility-guessing futility ,,Terminated,Terminated_for_safety,1,NULL,,NULL,0,Nonpositive,,,,,,,,,,,,,1,1,95,3,48,0,0,0,0,1,,
NCT03143751,10.1001/jama.2021.5561,,0,Not_head_to_head,Has_a_US_or_CAD_EU_UK_Australian_research_site,Yes,Phase_3,,Include,TBI,Continuous hyperosmolar therapy,Not_symptom_focus,,Phase_3,Adult,preapproval,Non_pharma,370,NULL,,Not_terminated,N_A,0,Score on the Extended Glasgow Outcome Scale (GOS-E) at 6 months,No,NA,1,Nonpositive,NA,,,NULL,NULL,NULL,NULL,NULL,NULL,NULL,,,0,NA,NULL,NULL,NULL,1,0,0,0,0,very confusing-sodium lactate ?? Same thing?,
NCT03235479,ct.gov,,,Not_head_to_head,Has_a_US_or_CAD_EU_UK_Australian_research_site,Yes,Phase_3,,Include,Headache,Rimegepant,Not_symptom_focus,,Phase_3,Adult,preapproval,pharma,,NULL,,Not_terminated,N_A,0,Percentage of Participants With Freedom From Pain at 2 Hours Post-dose and Percentage of Participants With Freedom From Most Bothersome Symptom (MBS) at 2 Hours Post-dose,No,NA,1,Positive,NA,,,NULL,NULL,NULL,NULL,NULL,NULL,NULL,,,0,NA,NULL,NULL,NULL,0,0,0,0,1, novel orally disintegrating tablet formulation ,is this different formulation
NCT03237845,10.1056/NEJMoa1811090,,,Not_head_to_head,Has_a_US_or_CAD_EU_UK_Australian_research_site,Yes,Phase_3,,Include,Headache,Rimegepant,Not_symptom_focus,,Phase_3,Adult,preapproval,pharma,1499,NULL,,Not_terminated,N_A,0,were freedom from pain (which was defined by the presence of no pain in a person who had had pain of moderate or severe intensity immediately before administration of the dose) and freedom from the patient’s most bothersome symptom associated with migraine,No,NA,1,Positive,NA,,,NULL,NULL,NULL,NULL,NULL,NULL,NULL,,,1,0,594,1,592,0,0,0,0,1, novel orally disintegrating tablet formulation ,is this different formulation
NCT03277248,10.1056/NEJMoa2201904,,,Not_head_to_head,Has_a_US_or_CAD_EU_UK_Australian_research_site,Yes,Phase_3,,Include,RMS,Ublituximab,Not_symptom_focus,,Phase_3,Adult,preapproval,pharma,,NULL,,Not_terminated,N_A,0,annualized relapse rate,No,NA,1,Positive,NA,,,NULL,NULL,NULL,NULL,NULL,NULL,NULL,,,1,3,272,1,273,0,0,0,0,1,,
NCT03277261,10.1056/NEJMoa2201904,,,Not_head_to_head,Has_a_US_or_CAD_EU_UK_Australian_research_site,Yes,Phase_3,,Include,RMS,Ublituximab,Not_symptom_focus,,Phase_3,Adult,preapproval,pharma,,NULL,,Not_terminated,N_A,0,Annualized relapse rate,No,NA,1,Positive,NA,,,NULL,NULL,NULL,NULL,NULL,NULL,NULL,,,1,17,274,1,275,0,0,0,0,1,,
NCT03280056,https://doi.org/10.1002/mus.27472,,0,Not_head_to_head,Has_a_US_or_CAD_EU_UK_Australian_research_site,Yes,Phase_3,,Include,ALS,NurOwn,Not_symptom_focus,,Phase_3,Adult,preapproval,pharma,263,NULL,,Not_terminated,N_A,0,rate of change amyotrophic lateral sclerosis functional rating scale (ALSFRS-R),No,NA,1,Nonpositive,NA,,,NULL,NULL,NULL,NULL,NULL,NULL,NULL,,,1,1,98,3,98,0,1,1,0,0,,
NCT03461757,10.1016/S0140-6736(19)31606-X,,,Not_head_to_head,Has_a_US_or_CAD_EU_UK_Australian_research_site,Yes,Phase_3,,Include,Headache,Rimegepant,Not_symptom_focus,,Phase_3,Adult,preapproval,pharma,1811,NULL,,Not_terminated,N_A,0,freedom from pain and freedom from the most bothersome symptom associated with migraine,No,NA,1,Positive,NA,,,NULL,NULL,NULL,NULL,NULL,NULL,NULL,,,1,1,732,0,734,0,0,0,0,1, novel orally disintegrating tablet formulation ,is this different formulation
NCT03505021,10.1016/S1474-4422(21)00242-8,,,Not_head_to_head,Has_a_US_or_CAD_EU_UK_Australian_research_site,Yes,Phase_3,,Include,ALS,Levosimendan (ODM-109),Not_symptom_focus,,Phase_3,Adult,preapproval,pharma,,NULL,,Not_terminated,N_A,0,"change from baseline in supine SVC at 12 weeks, assessed as percentage of predicted normal sitting SVC.",No,NA,1,Nonpositive,SVC,,,-6.73,-6.99,0.26,"estimated treatment difference, POINT = POSITIVE",-2.03,2.55,0.83,,,1,64,329,24,167,0,1,0,1,0,,
NCT03739840,10.1002/epi4.12656,,1,Not_head_to_head,Has_a_US_or_CAD_EU_UK_Australian_research_site,Yes,Phase_3,,Include,Epilepsy,adjunctive padsevonil,Not_symptom_focus,,Phase_3,Adult,preapproval,pharma,232,NULL,,Terminated,Terminated_for_futility,1,Change in Log-transformed Observable Focal-onset Seizure Frequency From Baseline,Yes,400 mg (took highest dose),1,Nonpositive,sf,,,-0.47,-0.41,6.3,least square mean change,-22.9,28.6,0.687,,,1,21,82,7,83,0,1,0,1,0,,
NCT03872453,https://headachejournal.onlinelibrary.wiley.com/doi/10.1111/head.14389,https://n.neurology.org/content/96/15_Supplement/4976.abstract,,Not_head_to_head,Has_a_US_or_CAD_EU_UK_Australian_research_site,Yes,Phase_3,,Include,Headache,zavegepant nasal spray,Not_symptom_focus,,Phase_2slash3,Adult,preapproval,pharma,2154,NULL,,Not_terminated,N_A,0,pain freedom and freedom from the MBS associated with migraine,Yes,all-took highest,1,Positive,NA,,,NULL,NULL,NULL,NULL,NULL,NULL,NULL,,,1,0,418,0,420,0,0,0,0,1,,
NCT03896009,https://n.neurology.org/content/98/18_Supplement/3564,,,Not_head_to_head,Has_a_US_or_CAD_EU_UK_Australian_research_site,Yes,Phase_3,,Include,Headache,AXS-07  MoSEIC meloxicam and rizatriptan first for combo,Not_symptom_focus,,Phase_3,Adult,postapproval,pharma,,NULL,,Not_terminated,N_A,0,co-primaries: Percentage of subjects reporting headache pain freedom and absence of MBS,No,combination (AXS-07),1,Positive,NA,,,NULL,NULL,NULL,NULL,NULL,NULL,NULL,,,0,NA,NULL,NULL,NULL,1,0,0,0,0,,
NCT04163185,https://n.neurology.org/content/98/18_Supplement/1112,,,Not_head_to_head,Has_a_US_or_CAD_EU_UK_Australian_research_site,Yes,Phase_3,,Include,Headache,AXS-07 (MoSEIC meloxicam and rizatriptan),Not_symptom_focus,,Phase_3,Adult,postapproval,pharma,,NULL,,Not_terminated,N_A,0,co-primaries: Percentage of subjects reporting headache pain freedom freedom from the most bothersome symptom,No,NA,1,Positive,NA,,,NULL,NULL,NULL,NULL,NULL,NULL,NULL,,,0,NA,NULL,NULL,NULL,1,0,0,0,0,,